term,definition,example
abandon,放弃；遗弃,He decided to abandon the plan.
ability,能力,Her ability to learn is impressive.
achieve,实现；达到,We can achieve our goals together.
acquire,获得；习得,He acquired new skills through practice.
adapt,适应；改编,Animals adapt to changing environments.
adjust,调整；适应,Please adjust the seat height.
advocate,提倡者；提倡,She advocates for equal rights.
affect,影响,Stress can affect your health.
alternative,替代的；可供选择的,We need an alternative solution.
analyze,分析,Let's analyze the data carefully.
annual,每年的；年度的,The annual meeting starts today.
approach,方法；接近,This approach works for small teams.
appropriate,合适的；恰当的,Wear appropriate clothing for the weather.
assume,假设；承担,Do not assume you are correct.
assess,评估,We will assess the risks first.
assign,分配；指派,The teacher assigned homework.
aware,意识到的,I am aware of the issue.
benefit,益处；好处,Exercise brings many benefits.
challenge,挑战,This task is a real challenge.
complex,复杂的,The problem is complex but solvable.
concept,概念,The concept is easy to grasp.
conclude,结束；得出结论,We can conclude the meeting now.
conduct,实施；行为,They conducted a survey last week.
confirm,确认,Please confirm your reservation.
consistent,一致的；连贯的,Her results are consistent over time.
construct,建造；构建,They will construct a new bridge.
contribute,贡献；促成,Many people contribute to the project.
define,定义,Please define the key terms.
demonstrate,演示；证明,He demonstrated the new tool.
determine,确定；决定,We must determine the cause.
